{ "_id" : { "$oid" : "5b220c9b19a8ba1798a18e25" }, "Resource_Project" : "Resource Availability Matrix" }
{ "_id" : { "$oid" : "5b220d0319a8ba1798a18e29" }, "Resource_Project" : "Customer connect" }
{ "_id" : { "$oid" : "5b220e8119a8ba1798a18e38" }, "Resource_Project" : "WMS" }
{ "_id" : { "$oid" : "5b220e8719a8ba1798a18e39" }, "Resource_Project" : "SWMS" }
{ "_id" : { "$oid" : "5b220f1319a8ba1798a18e3d" }, "Resource_Project" : "Travel Recommenndation system" }
{ "_id" : { "$oid" : "5b220f2519a8ba1798a18e3e" }, "Resource_Project" : "Chat Application" }
{ "_id" : { "$oid" : "5b220f4619a8ba1798a18e3f" }, "Resource_Project" : "Resource Voting count" }
