{ "_id" : { "$oid" : "5afe91763d8dfe262c81f9e1" }, "Resource_skills" : "Node.js" }
{ "_id" : { "$oid" : "5afebb42c109c917a813cc85" }, "Resource_skills" : "Javascript" }
{ "_id" : { "$oid" : "5afebb50c109c917a813cc86" }, "Resource_skills" : "Angular.Js" }
{ "_id" : { "$oid" : "5afebb60c109c917a813cc87" }, "Resource_skills" : "React.Js" }
{ "_id" : { "$oid" : "5afebb6bc109c917a813cc88" }, "Resource_skills" : "Vue.Js" }
{ "_id" : { "$oid" : "5afebb75c109c917a813cc89" }, "Resource_skills" : "Python" }
{ "_id" : { "$oid" : "5b027271958e5415b890bee7" }, "Resource_skills" : "Ajax" }
{ "_id" : { "$oid" : "5b027280958e5415b890bee8" }, "Resource_skills" : "Jquery" }
