{ "_id" : { "$oid" : "5b026f380f1fcc23201322ba" }, "Resource_Name" : "Mandar", "Resource_Experiance" : "1", "Resource_Skills" : [ "Node.js", "Express", "MongoDB", "Angular", "React,js" ] }
{ "_id" : { "$oid" : "5b026f908417391ddc35ddfa" }, "Resource_Name" : "Mandar", "Resource_Experiance" : "1", "Resource_Skills" : [ "Node.js", "Express", "MongoDB", "Angular", "React,js" ] }
{ "_id" : { "$oid" : "5b0270058417391ddc35ddfb" }, "Resource_Name" : "Mandar", "Resource_Experiance" : "1", "Resource_Skills" : [ "Node.js", "Express", "MongoDB", "Angular", "React,js" ] }
{ "_id" : { "$oid" : "5b0270488417391ddc35ddfc" }, "Resource_Name" : null, "Resource_Experiance" : null, "Resource_Skills" : null }
{ "_id" : { "$oid" : "5b02715a8219f12338d06825" }, "Resource_Name" : "Mandar", "Resource_Experiance" : "1", "Resource_Skills" : [ "Node.js", "Express" ] }
