{ "_id" : { "$oid" : "5b027193958e5415b890bee2" }, "Resource_Name" : "Mandar", "Resource_Experiance" : "1", "Resource_Skills" : [ "Node.js", "Express" ], "Location" : "Pune", "Catagory" : "Apllications", "Projects" : [ { "Ended_Date" : "08/20/2018", "Started_Date" : "05/20/2018", "Resource_Project" : "Resource Availability Matrix" }, { "Ended_Date" : "07/19/2018", "Started_Date" : "03/05/2018", "Resource_Project" : "Customer connect" } ], "Results" : [ { "Resource_Skills" : [ "Node.js", "Express" ], "Location" : "Pune", "Catagory" : "Apllications", "Projects" : [ { "Ended_Date" : "08/20/2018", "Started_Date" : "05/20/2018", "Resource_Project" : "Resource Availability Matrix" }, { "Ended_Date" : "07/19/2018", "Started_Date" : "03/05/2018", "Resource_Project" : "Customer connect" } ] } ] }
{ "_id" : { "$oid" : "5b0271ce958e5415b890bee3" }, "Resource_Name" : "Abhishek", "Resource_Experiance" : "2", "Resource_Skills" : [ "React.js", "Node.js", "Express" ], "Location" : "Chicago", "Catagory" : "Web developement", "Projects" : [ { "Ended_Date" : "07/19/2018", "Started_Date" : "03/05/2018", "Resource_Project" : "Customer connect" }, { "Ended_Date" : "08/24/2018", "Started_Date" : "4/12/2018", "Resource_Project" : "WMS" } ], "Results" : [ { "Resource_Skills" : [ "React.js", "Node.js", "Express" ], "Location" : "Chicago", "Catagory" : "Web developement", "Projects" : [ { "Ended_Date" : "07/19/2018", "Started_Date" : "03/05/2018", "Resource_Project" : "Customer connect" }, { "Ended_Date" : "08/24/2018", "Started_Date" : "4/12/2018", "Resource_Project" : "WMS" } ] } ] }
{ "_id" : { "$oid" : "5b0271e9958e5415b890bee4" }, "Resource_Name" : "Ashwin", "Resource_Experiance" : "5", "Resource_Skills" : [ "Angular.js" ], "Location" : "Atlanta", "Catagory" : "Block Chain", "Projects" : [ { "Ended_Date" : "", "Started_Date" : "", "Resource_Project" : "" } ], "Results" : [ { "Resource_Skills" : [ "Angular.js" ], "Location" : "Atlanta", "Catagory" : "Block Chain", "Projects" : [ { "Ended_Date" : "", "Started_Date" : "", "Resource_Project" : "" } ] } ] }
{ "_id" : { "$oid" : "5b027202958e5415b890bee5" }, "Resource_Name" : "Shubham", "Resource_Experiance" : "4", "Resource_Skills" : [ "Java" ], "Location" : "Mumbai", "Catagory" : "Data Analytics", "Projects" : [ { "Ended_Date" : "08/24/2018", "Started_Date" : "4/12/2018", "Resource_Project" : "WMS" }, { "Started_Date" : "04/07/2018", "Ended_Date" : "10/27/2018", "Resource_Project" : "SWMS" } ], "Results" : [ { "Resource_Skills" : [ "Java" ], "Location" : "Mumbai", "Catagory" : "Data Analytics", "Projects" : [ { "Ended_Date" : "08/24/2018", "Started_Date" : "4/12/2018", "Resource_Project" : "WMS" }, { "Started_Date" : "04/07/2018", "Ended_Date" : "10/27/2018", "Resource_Project" : "SWMS" } ] } ] }
{ "_id" : { "$oid" : "5b053f4d19ba46219890a6ae" }, "Resource_Name" : "Akshay", "Resource_Experiance" : "7", "Resource_Skills" : [ "Angular.Js", "Node.js", "Vue.Js", "Javascript" ], "Location" : "Bangalore", "Catagory" : "Applications", "Projects" : [ { "Started_Date" : "04/07/2018", "Ended_Date" : "10/27/2018", "Resource_Project" : "SWMS" }, { "Started_Date" : "01/19/2018", "Ended_Date" : "09/12/2018", "Resource_Project" : "Travel Recommendation system" } ], "Results" : [ { "Resource_Skills" : [ "Angular.Js", "Node.js", "Vue.Js", "Javascript" ], "Location" : "Bengalore", "Catagory" : "Applications", "Projects" : [ { "Started_Date" : "04/07/2018", "Ended_Date" : "10/27/2018", "Resource_Project" : "SWMS" }, { "Started_Date" : "01/19/2018", "Ended_Date" : "09/12/2018", "Resource_Project" : "Travel Recommendation system" } ] } ] }
{ "_id" : { "$oid" : "5b053fec19ba46219890a6af" }, "Resource_Name" : "Vipul", "Resource_Experiance" : "4", "Resource_Skills" : [ "Javascript", "Python" ], "Location" : "Atlanta", "Catagory" : "Block Chain", "Projects" : [ { "Started_Date" : "01/19/2018", "Ended_Date" : "09/12/2018", "Resource_Project" : "Travel Recommendation system" } ], "Results" : [ { "Resource_Skills" : [ "Javascript", "Python" ], "Location" : "Atlanta", "Catagory" : "Block Chain", "Projects" : [ { "Started_Date" : "01/19/2018", "Ended_Date" : "09/12/2018", "Resource_Project" : "Travel Recommendation system" } ] } ] }
{ "_id" : { "$oid" : "5b05404a19ba46219890a6b0" }, "Resource_Name" : "Naveen", "Resource_Experiance" : "2", "Resource_Skills" : [ "Javascript", "Ajax", "Jquery" ], "Location" : "Mumbai", "Catagory" : "Data Analytics", "Projects" : [ { "Started_Date" : "03/29/2018", "Ended_Date" : "11/27/2018", "Resource_Project" : "Enrollez" }, { "Started_Date" : "04/25/2018", "Ended_Date" : "12/21/2018", "Resource_Project" : "Chat Application" } ], "Results" : [ { "Resource_Skills" : [ "Javascript", "Ajax", "Jquery" ], "Location" : "Mumbai", "Catagory" : "Data Analytics", "Projects" : [ { "Started_Date" : "03/29/2018", "Ended_Date" : "11/27/2018", "Resource_Project" : "Enrollez" }, { "Started_Date" : "04/25/2018", "Ended_Date" : "12/21/2018", "Resource_Project" : "Chat Application" } ] } ] }
{ "_id" : { "$oid" : "5b0540c419ba46219890a6b1" }, "Resource_Name" : "Parth", "Resource_Experiance" : "5", "Resource_Skills" : [ "Angular.Js", "React.Js", "Jquery", "Node.Js" ], "Location" : "Pune", "Catagory" : "Web developement", "Projects" : [ { "Started_Date" : "04/25/2018", "Ended_Date" : "12/21/2018", "Resource_Project" : "Chat Application" }, { "Started_Date" : "02/25/2018", "Ended_Date" : "07/07/2018", "Resource_Project" : "Resource Voting count" } ], "Results" : [ { "Resource_Skills" : [ "Angular.Js", "React.Js", "Jquery", "Node.Js" ], "Location" : "Pune", "Catagory" : "Web developement", "Projects" : [ { "Started_Date" : "04/25/2018", "Ended_Date" : "12/21/2018", "Resource_Project" : "Chat Application" }, { "Started_Date" : "02/25/2018", "Ended_Date" : "07/07/2018", "Resource_Project" : "Resource Voting count" } ] } ] }
{ "_id" : { "$oid" : "5b05410b19ba46219890a6b2" }, "Resource_Name" : "Tanmay", "Resource_Experiance" : "4", "Resource_Skills" : [ "Python", "Vue.Js" ], "Location" : "Atlanta", "Catagory" : "Applications", "Projects" : [ { "Started_Date" : "02/25/2018", "Ended_Date" : "07/07/2018", "Resource_Project" : "Resource Voting count" } ], "Results" : [ { "Resource_Skills" : [ "Python", "Vue.Js" ], "Location" : "Atlanta", "Catagory" : "Applications", "Projects" : [ { "Started_Date" : "02/25/2018", "Ended_Date" : "07/07/2018", "Resource_Project" : "Resource Voting count" } ] } ] }
